date,title,content
2025-01-03,[물가] 소비자물가 이슈,소비자물가 물가 공공요금 관련 경제 뉴스 고용 동향 점검
2025-01-21,[물가] 원자재 이슈,원자재 소비자물가 물가 관련 경제 뉴스 달러 동향 점검
2025-01-14,[물가] 소비자물가 이슈,소비자물가 공공요금 원자재 관련 경제 뉴스 부동산 동향 점검
2025-01-23,[물가] 인플레이션 이슈,인플레이션 물가 소비자물가 관련 경제 뉴스 대출규제 동향 점검
2025-01-24,[물가] 공공요금 이슈,공공요금 원자재 인플레이션 관련 경제 뉴스 연준 동향 점검
2025-01-21,[물가] 소비자물가 이슈,소비자물가 공공요금 물가 관련 경제 뉴스 긴축 동향 점검
2025-01-19,[물가] 인플레이션 이슈,인플레이션 원자재 물가 관련 경제 뉴스 고용 동향 점검
2025-01-02,[물가] 물가 이슈,물가 원자재 공공요금 관련 경제 뉴스 부동산 동향 점검
2025-01-10,[물가] 인플레이션 이슈,인플레이션 물가 공공요금 관련 경제 뉴스 달러 동향 점검
2025-01-13,[물가] 인플레이션 이슈,인플레이션 원자재 소비자물가 관련 경제 뉴스 대출 동향 점검
2025-02-09,[금리] 금리 이슈,금리 기준금리 이자 관련 경제 뉴스 부동산 동향 점검
2025-02-23,[금리] 이자 이슈,이자 기준금리 긴축 관련 경제 뉴스 공공요금 동향 점검
2025-02-12,[금리] 기준금리 이슈,기준금리 이자 대출 관련 경제 뉴스 실적 동향 점검
2025-02-19,[금리] 긴축 이슈,긴축 이자 대출 관련 경제 뉴스 소비자물가 동향 점검
2025-02-22,[금리] 금리 이슈,금리 기준금리 대출 관련 경제 뉴스 물가 동향 점검
2025-02-22,[금리] 이자 이슈,이자 금리 긴축 관련 경제 뉴스 집값 동향 점검
2025-02-07,[금리] 이자 이슈,이자 대출 긴축 관련 경제 뉴스 원자재 동향 점검
2025-02-16,[금리] 긴축 이슈,긴축 기준금리 대출 관련 경제 뉴스 고용 동향 점검
2025-02-03,[금리] 기준금리 이슈,기준금리 이자 긴축 관련 경제 뉴스 연준 동향 점검
2025-02-12,[금리] 금리 이슈,금리 대출 긴축 관련 경제 뉴스 전세 동향 점검
2025-03-01,[부동산] 청약 이슈,청약 전세 집값 관련 경제 뉴스 고용 동향 점검
2025-03-08,[부동산] 대출규제 이슈,대출규제 집값 부동산 관련 경제 뉴스 경기 동향 점검
2025-03-27,[부동산] 전세 이슈,전세 집값 청약 관련 경제 뉴스 성장률 동향 점검
2025-03-05,[부동산] 전세 이슈,전세 청약 대출규제 관련 경제 뉴스 대출 동향 점검
2025-03-19,[부동산] 부동산 이슈,부동산 집값 전세 관련 경제 뉴스 달러 동향 점검
2025-03-05,[부동산] 전세 이슈,전세 청약 집값 관련 경제 뉴스 경기 동향 점검
2025-03-07,[부동산] 부동산 이슈,부동산 전세 청약 관련 경제 뉴스 이자 동향 점검
2025-03-03,[부동산] 대출규제 이슈,대출규제 집값 청약 관련 경제 뉴스 GDP 동향 점검
2025-03-14,[부동산] 집값 이슈,집값 전세 부동산 관련 경제 뉴스 경기 동향 점검
2025-03-22,[부동산] 청약 이슈,청약 전세 부동산 관련 경제 뉴스 기준금리 동향 점검
2025-04-03,[대외] 환율 이슈,환율 지정학 수출 관련 경제 뉴스 기준금리 동향 점검
2025-04-06,[대외] 연준 이슈,연준 달러 환율 관련 경제 뉴스 부동산 동향 점검
2025-04-13,[대외] 수출 이슈,수출 달러 연준 관련 경제 뉴스 공공요금 동향 점검
2025-04-12,[대외] 수출 이슈,수출 지정학 환율 관련 경제 뉴스 대출규제 동향 점검
2025-04-17,[대외] 달러 이슈,달러 환율 수출 관련 경제 뉴스 청약 동향 점검
2025-04-14,[대외] 지정학 이슈,지정학 환율 수출 관련 경제 뉴스 공공요금 동향 점검
2025-04-05,[대외] 지정학 이슈,지정학 연준 환율 관련 경제 뉴스 원자재 동향 점검
2025-04-16,[대외] 환율 이슈,환율 지정학 연준 관련 경제 뉴스 GDP 동향 점검
2025-04-05,[대외] 달러 이슈,달러 연준 지정학 관련 경제 뉴스 물가 동향 점검
2025-04-03,[대외] 수출 이슈,수출 달러 연준 관련 경제 뉴스 인플레이션 동향 점검
2025-05-05,[성장] 경기 이슈,경기 성장률 실적 관련 경제 뉴스 지정학 동향 점검
2025-05-09,[성장] 고용 이슈,고용 실적 GDP 관련 경제 뉴스 달러 동향 점검
2025-05-10,[성장] GDP 이슈,GDP 실적 고용 관련 경제 뉴스 물가 동향 점검
2025-05-15,[성장] GDP 이슈,GDP 고용 성장률 관련 경제 뉴스 대출 동향 점검
2025-05-07,[성장] 경기 이슈,경기 성장률 GDP 관련 경제 뉴스 기준금리 동향 점검
2025-05-03,[성장] 실적 이슈,실적 고용 경기 관련 경제 뉴스 대출 동향 점검
2025-05-04,[성장] 경기 이슈,경기 GDP 실적 관련 경제 뉴스 물가 동향 점검
2025-05-22,[성장] GDP 이슈,GDP 고용 실적 관련 경제 뉴스 금리 동향 점검
2025-05-17,[성장] 고용 이슈,고용 실적 GDP 관련 경제 뉴스 기준금리 동향 점검
2025-05-05,[성장] 실적 이슈,실적 경기 GDP 관련 경제 뉴스 공공요금 동향 점검
2025-06-05,[금리] 대출 이슈,대출 금리 기준금리 관련 경제 뉴스 GDP 동향 점검
2025-06-25,[금리] 이자 이슈,이자 기준금리 긴축 관련 경제 뉴스 소비자물가 동향 점검
2025-06-10,[금리] 이자 이슈,이자 금리 기준금리 관련 경제 뉴스 성장률 동향 점검
2025-06-21,[금리] 긴축 이슈,긴축 대출 금리 관련 경제 뉴스 달러 동향 점검
2025-06-01,[금리] 대출 이슈,대출 긴축 기준금리 관련 경제 뉴스 소비자물가 동향 점검
2025-06-05,[금리] 긴축 이슈,긴축 기준금리 금리 관련 경제 뉴스 달러 동향 점검
2025-06-08,[금리] 이자 이슈,이자 대출 긴축 관련 경제 뉴스 공공요금 동향 점검
2025-06-14,[금리] 금리 이슈,금리 긴축 기준금리 관련 경제 뉴스 부동산 동향 점검
2025-06-08,[금리] 기준금리 이슈,기준금리 금리 대출 관련 경제 뉴스 소비자물가 동향 점검
2025-06-14,[금리] 긴축 이슈,긴축 기준금리 금리 관련 경제 뉴스 집값 동향 점검
